sg_uf	nm_municipio	cd_cargo	ds_cargo	nr_candidato	nm_candidato	nm_urna_candidato	sg_partido	ds_composicao_coligacao	nr_turno	ds_sit_totalizacao	nm_tipo_destinacao_votos	dt_ult_totalizacao	pc_votos_validos	Ano	qt_votos_nom_validos	qt_votos_concorrentes
PA	ABAETETUBA	1	Presidente	13	DILMA VANA ROUSSEFF	DILMA	PT	PT / PMDB / PSD / PP / PR / PROS / PDT / PC do B / PRB	1	Segundo turno	#NE	30/01/2019 15:12	0,7134	2014	56350	78989
PA	ABAETETUBA	1	Presidente	45	AÉCIO NEVES DA CUNHA	AÉCIO NEVES	PSDB	PSDB / PMN / SD / DEM / PEN / PTN / PTB / PTC / PT do B	1	Segundo turno	#NE	30/01/2019 15:12	0,1852	2014	14630	78989
PA	ABAETETUBA	1	Presidente	40	MARIA OSMARINA MARINA DA SILVA VAZ DE LIMA	MARINA SILVA	PSB	PHS / PRP / PPS / PPL / PSB / PSL	1	Não Eleito	#NE	30/01/2019 15:12	0,0843	2014	6657	78989
PA	ABAETETUBA	1	Presidente	20	EVERALDO DIAS PEREIRA	PASTOR EVERALDO	PSC	PSC	1	Não Eleito	#NE	30/01/2019 15:12	0,007	2014	552	78989
PA	ABAETETUBA	1	Presidente	50	LUCIANA KREBS GENRO	LUCIANA GENRO	PSOL	PSOL	1	Não Eleito	#NE	30/01/2019 15:12	0,0062	2014	487	78989
PA	ABAETETUBA	1	Presidente	43	EDUARDO JORGE MARTINS ALVES SOBRINHO	EDUARDO JORGE	PV	PV	1	Não Eleito	#NE	30/01/2019 15:12	0,0021	2014	166	78989
PA	ABAETETUBA	1	Presidente	28	JOSÉ LEVY FIDELIX DA CRUZ	LEVY FIDELIX	PRTB	PRTB	1	Não Eleito	#NE	30/01/2019 15:12	0,0012	2014	95	78989
PA	ABAETETUBA	1	Presidente	16	JOSÉ MARIA DE ALMEIDA	ZÉ MARIA	PSTU	PSTU	1	Não Eleito	#NE	30/01/2019 15:12	0,0003	2014	27	78989
PA	ABAETETUBA	1	Presidente	27	JOSE MARIA EYMAEL	EYMAEL	PSDC	PSDC	1	Não Eleito	#NE	30/01/2019 15:12	0,0002	2014	17	78989
PA	ABAETETUBA	1	Presidente	21	MAURO LUÍS IASI	MAURO IASI	PCB	PCB	1	Não Eleito	#NE	30/01/2019 15:12	0,0001	2014	7	78989
PA	ABAETETUBA	1	Presidente	29	RUI COSTA PIMENTA	RUI COSTA PIMENTA	PCO	PCO	1	Não Eleito	#NE	30/01/2019 15:12	0	2014	1	78989
PA	ABAETETUBA	3	Governador	45	SIMÃO ROBISON OLIVEIRA JATENE	SIMÃO JATENE	PSDB	PSDB / PSD / PSB / PP / SD / PRB / PSC / PTB / PPS / PEN / PMN / PTC / PSDC / PT do B / PRP	1	Segundo turno	#NE	07/11/2014 09:18	0,5335	2014	40826	76519
PA	ABAETETUBA	3	Governador	15	HELDER ZAHLUTH BARBALHO	HELDER BARBALHO	PMDB	PMDB / PT / DEM / PR / PDT / PROS / PHS / PC do B / PSL / PPL / PTN	1	Segundo turno	#NE	07/11/2014 09:18	0,447	2014	34201	76519
PA	ABAETETUBA	3	Governador	50	MARCO ANTÔNIO CARRERA FERREIRA	MARCO CARRERA	PSOL	PSOL / PSTU	1	Não Eleito	#NE	07/11/2014 09:18	0,0108	2014	825	76519
PA	ABAETETUBA	3	Governador	43	JOSÉ CARLOS LIMA DA COSTA	ZE CARLOS DO PV	PV	PV	1	Não Eleito	#NE	07/11/2014 09:18	0,0075	2014	574	76519
PA	ABAETETUBA	3	Governador	28	ELTON DE BARROS BRAGA	ELTON BRAGA	PRTB	PRTB	1	Não Eleito	#NE	07/11/2014 09:18	0,0012	2014	93	76519
PA	ABAETETUBA	5	Senador	131	PAULO ROBERTO GALVAO DA ROCHA	PAULO ROCHA	PT	PMDB / PT / DEM / PC do B / PHS / PSL / PROS / PDT / PPL / PTN / PR	1	Eleito	#NE	07/11/2014 09:18	0,5209	2014	38294	73522
PA	ABAETETUBA	5	Senador	456	MARIO COUTO FILHO	MARIO COUTO	PSDB	PSDB	1	Não Eleito	#NE	07/11/2014 09:18	0,1901	2014	13977	73522
PA	ABAETETUBA	5	Senador	111	JEFFERSON ELY VALE DE LIMA	JEFFERSON LIMA	PP	PP	1	Não Eleito	#NE	07/11/2014 09:18	0,1812	2014	13322	73522
PA	ABAETETUBA	5	Senador	555	HELENILSON CUNHA PONTES	HELENILSON PONTES	PSD	PSD	1	Não Eleito	#NE	07/11/2014 09:18	0,0906	2014	6658	73522
PA	ABAETETUBA	5	Senador	500	PEDRO HOLANDA MAIA	PEDRINHO MAIA	PSOL	PSOL	1	Não Eleito	#NE	07/11/2014 09:18	0,0076	2014	562	73522
PA	ABAETETUBA	5	Senador	777	MARCELA GIOVANA GUSMÃO TOLENTINO DE MATOS	ENFERMEIRA MARCELA TOLENTINO	SD	SD	1	Não Eleito	#NE	07/11/2014 09:18	0,006	2014	438	73522
PA	ABAETETUBA	5	Senador	433	SIMÃO HERNAN BENDAYAN	PROFESSOR SIMÃO	PV	PV	1	Não Eleito	#NE	07/11/2014 09:18	0,0028	2014	205	73522
PA	ABAETETUBA	5	Senador	161	ANGELA SOARES DE AZEVEDO	ANGELA AZEVEDO	PSTU	PSTU	1	Não Eleito	#NE	07/11/2014 09:18	0,0009	2014	66	73522
PA	ABAETETUBA	6	Deputado Federal	4567	ALCIDES EUFRASIO DA CONCEIÇÃO NEGRÃO	CHITA	PSDB	PSDB / PSD / PSB / PP / PSC / PTB / PPS / PT do B / PTC	1	Suplente	#NE	16/12/2014 08:17	0,2455	2014	18208	74168
PA	ABAETETUBA	6	Deputado Federal	1380	ESMERINO NERI BATISTA FILHO	MIRIQUINHO BATISTA	PT	PMDB / PT	1	Suplente	#NE	16/12/2014 08:17	0,145	2014	10755	74168
PA	ABAETETUBA	6	Deputado Federal	4590	NILSON PINTO DE OLIVEIRA	NILSON PINTO	PSDB	PSDB / PSD / PSB / PP / PSC / PTB / PPS / PT do B / PTC	1	Eleito	#NE	16/12/2014 08:17	0,0824	2014	6109	74168
PA	ABAETETUBA	6	Deputado Federal	5500	ÉDER MAURO CARDOSO BARRA	DELEGADO EDER MAURO	PSD	PSDB / PSD / PSB / PP / PSC / PTB / PPS / PT do B / PTC	1	Eleito	#NE	16/12/2014 08:17	0,0807	2014	5983	74168
PA	ABAETETUBA	6	Deputado Federal	2222	LUCIO DUTRA VALE	LUCIO VALE	PR	PR / DEM / PHS / PROS / PC do B / PSL / PDT / PPL	1	Eleito	#NE	16/12/2014 08:17	0,0522	2014	3868	74168
